dataset_name_ru,dataset_name_en,record_id,category,factor,description,example_or_value,reference_period,source_url
"Факторы стоимости чертежа и 3D-модели","CAD Drawing and 3D Model Pricing Factors","CAD-001","scope","Содержание и тип работы","Состав требуемой КД и характер задачи влияют на оценку","","","https://dzen.ru/a/XmDqUh3RL15c7fLm"
"Факторы стоимости чертежа и 3D-модели","CAD Drawing and 3D Model Pricing Factors","CAD-002","scope","Объем работ","Количество документов, моделей и связанных операций влияет на трудоемкость","","","https://dzen.ru/a/XmDqUh3RL15c7fLm"
"Факторы стоимости чертежа и 3D-модели","CAD Drawing and 3D Model Pricing Factors","CAD-003","complexity","Сложность","Сложность геометрии и инженерной задачи влияет на время и стоимость","","","https://dzen.ru/a/XmDqUh3RL15c7fLm"
"Факторы стоимости чертежа и 3D-модели","CAD Drawing and 3D Model Pricing Factors","CAD-004","schedule","Срок","Срочность может увеличивать стоимость из-за приоритета и загрузки исполнителя","","","https://dzen.ru/a/XmDqUh3RL15c7fLm"
"Факторы стоимости чертежа и 3D-модели","CAD Drawing and 3D Model Pricing Factors","CAD-005","qualification","Квалификация исполнителя","Опыт и подготовка конструктора влияют на цену и риск переделок","","","https://dzen.ru/a/XmDqUh3RL15c7fLm"
"Факторы стоимости чертежа и 3D-модели","CAD Drawing and 3D Model Pricing Factors","CAD-006","drawing","Формат листа","Сам по себе формат не определяет трудоемкость: на одинаковом формате может быть разная плотность информации","","","https://dzen.ru/a/XmDqUh3RL15c7fLm"
"Факторы стоимости чертежа и 3D-модели","CAD Drawing and 3D Model Pricing Factors","CAD-007","drawing","Плотность графической информации","Количество графической информации на формате листа используется как фактор оценки","7222 объекта на A3; 46 объектов на A4","","https://dzen.ru/a/XmDqUh3RL15c7fLm"
"Факторы стоимости чертежа и 3D-модели","CAD Drawing and 3D Model Pricing Factors","CAD-008","accuracy","Точность размеров","Более жесткие требования к точности повышают сложность подготовки и изготовления","","","https://dzen.ru/a/XmDqUh3RL15c7fLm"
"Факторы стоимости чертежа и 3D-модели","CAD Drawing and 3D Model Pricing Factors","CAD-009","accuracy","Точность формы","Один из показателей точности детали, который должен быть задан в КД","","","https://dzen.ru/a/XmDqUh3RL15c7fLm"
"Факторы стоимости чертежа и 3D-модели","CAD Drawing and 3D Model Pricing Factors","CAD-010","accuracy","Взаимное расположение поверхностей","Требования к расположению поверхностей входят в оценку точности детали","","","https://dzen.ru/a/XmDqUh3RL15c7fLm"
"Факторы стоимости чертежа и 3D-модели","CAD Drawing and 3D Model Pricing Factors","CAD-011","accuracy","Шероховатость поверхности","Требуемая шероховатость входит в набор параметров точности и технологичности","","","https://dzen.ru/a/XmDqUh3RL15c7fLm"
"Факторы стоимости чертежа и 3D-модели","CAD Drawing and 3D Model Pricing Factors","CAD-012","reverse_engineering","Точность измерительного инструмента","При восстановлении КД по готовой детали учитывается точность применяемых средств измерения","","","https://dzen.ru/a/XmDqUh3RL15c7fLm"
"Факторы стоимости чертежа и 3D-модели","CAD Drawing and 3D Model Pricing Factors","CAD-013","reverse_engineering","Габариты измеряемой детали","Размер физического образца влияет на трудоемкость замеров и восстановления КД","","","https://dzen.ru/a/XmDqUh3RL15c7fLm"
"Факторы стоимости чертежа и 3D-модели","CAD Drawing and 3D Model Pricing Factors","CAD-014","reverse_engineering","Криволинейные поверхности","Количество сложных криволинейных поверхностей влияет на трудоемкость измерения и моделирования","","","https://dzen.ru/a/XmDqUh3RL15c7fLm"
"Факторы стоимости чертежа и 3D-модели","CAD Drawing and 3D Model Pricing Factors","CAD-015","manufacturability","Технологичность конструкции","Конструкция должна учитывать производственную, эксплуатационную и ремонтную технологичность","","","https://dzen.ru/a/XmDqUh3RL15c7fLm"
"Факторы стоимости чертежа и 3D-модели","CAD Drawing and 3D Model Pricing Factors","CAD-016","engineering","Разработка идеи","Цена оформления чертежа не равна цене разработки технической идеи и ее реализации","","","https://dzen.ru/a/XmDqUh3RL15c7fLm"
"Факторы стоимости чертежа и 3D-модели","CAD Drawing and 3D Model Pricing Factors","CAD-017","engineering","Сопровождающие расчеты","Расчеты добавляют инженерную трудоемкость сверх построения модели и чертежа","","","https://dzen.ru/a/XmDqUh3RL15c7fLm"
"Факторы стоимости чертежа и 3D-модели","CAD Drawing and 3D Model Pricing Factors","CAD-018","cad","Сложность 3D-моделирования","Трудоемкость ассоциативного чертежа зависит от сложности построения исходной 3D-модели","","","https://dzen.ru/a/XmDqUh3RL15c7fLm"
"Факторы стоимости чертежа и 3D-модели","CAD Drawing and 3D Model Pricing Factors","CAD-019","change","Изменения по инициативе заказчика","Стоимость корректировок зависит от масштаба изменений и затрачиваемых усилий","","","https://dzen.ru/a/XmDqUh3RL15c7fLm"
"Факторы стоимости чертежа и 3D-модели","CAD Drawing and 3D Model Pricing Factors","CAD-020","change","Исправление ошибки исполнителя","В статье рекомендуется заранее различать исправление ошибки инженера и изменение требований заказчика","","","https://dzen.ru/a/XmDqUh3RL15c7fLm"
"Факторы стоимости чертежа и 3D-модели","CAD Drawing and 3D Model Pricing Factors","CAD-021","software","Требуемая CAD-система","Требование выполнить проект в конкретной САПР может влиять на стоимость лицензии и организацию работы","SolidWorks; КОМПАС-3D; Inventor; Mechanical AutoCAD","","https://dzen.ru/a/XmDqUh3RL15c7fLm"
"Факторы стоимости чертежа и 3D-модели","CAD Drawing and 3D Model Pricing Factors","CAD-022","software","Версия CAD","Требование конкретной версии программного обеспечения может создавать дополнительные затраты","","","https://dzen.ru/a/XmDqUh3RL15c7fLm"
"Факторы стоимости чертежа и 3D-модели","CAD Drawing and 3D Model Pricing Factors","CAD-023","data_exchange","Формат обмена","Нейтральные и обменные форматы снижают риск несовместимости","STEP AP203/AP214; IGES; STL; VRML; DWG; DXF","","https://dzen.ru/a/XmDqUh3RL15c7fLm"
"Факторы стоимости чертежа и 3D-модели","CAD Drawing and 3D Model Pricing Factors","CAD-024","standards","Стандарт оформления","Национальный или международный стандарт документации влияет на требования к результату","ISO; ASME; BS; DIN; JIS; TIS; AS; ГОСТ/ЕСКД; GB","","https://dzen.ru/a/XmDqUh3RL15c7fLm"
"Факторы стоимости чертежа и 3D-модели","CAD Drawing and 3D Model Pricing Factors","CAD-025","language","Язык документации","Перевод КД на другой язык может потребоваться для международной передачи работ","","","https://dzen.ru/a/XmDqUh3RL15c7fLm"
"Факторы стоимости чертежа и 3D-модели","CAD Drawing and 3D Model Pricing Factors","CAD-026","risk","Ответственность за производственный результат","Ошибки в КД могут приводить к дорогим производственным последствиям; риск должен учитываться при выборе исполнителя","","","https://dzen.ru/a/XmDqUh3RL15c7fLm"
"Факторы стоимости чертежа и 3D-модели","CAD Drawing and 3D Model Pricing Factors","CAD-027","location","Регион и затраты исполнителя","В статье регион и связанные расходы названы одним из факторов ставки","","","https://dzen.ru/a/XmDqUh3RL15c7fLm"
"Факторы стоимости чертежа и 3D-модели","CAD Drawing and 3D Model Pricing Factors","CAD-028","input","Полнота технического задания","Чем полнее исходные данные и ТЗ, тем меньше неопределенность и риск оплачивать переделки","","","https://dzen.ru/a/XmDqUh3RL15c7fLm"
"Факторы стоимости чертежа и 3D-модели","CAD Drawing and 3D Model Pricing Factors","CAD-029","delivery","Дополнительные форматы выдачи","Сохранение результата в нескольких форматах повышает совместимость и может входить в объем услуги","","","https://dzen.ru/a/XmDqUh3RL15c7fLm"
"Факторы стоимости чертежа и 3D-модели","CAD Drawing and 3D Model Pricing Factors","CAD-030","historical_price","Почасовая ставка","В статье 2020 года приведен ориентир для внештатных CAD-инженеров в разных регионах","10-50 USD/ч","2020","https://dzen.ru/a/XmDqUh3RL15c7fLm"
"Факторы стоимости чертежа и 3D-модели","CAD Drawing and 3D Model Pricing Factors","CAD-031","historical_price","Ассоциативный чертеж по 3D-модели","Историческая рекомендованная цена из статьи","от 35 USD","2020","https://dzen.ru/a/XmDqUh3RL15c7fLm"
"Факторы стоимости чертежа и 3D-модели","CAD Drawing and 3D Model Pricing Factors","CAD-032","historical_price","Комплект документов","Историческая рекомендованная цена из статьи","от 450 USD","2020","https://dzen.ru/a/XmDqUh3RL15c7fLm"
"Факторы стоимости чертежа и 3D-модели","CAD Drawing and 3D Model Pricing Factors","CAD-033","historical_price","Сборочный чертеж рабочего колеса","Историческая рекомендованная цена комплекта КД","от 400 USD","2020","https://dzen.ru/a/XmDqUh3RL15c7fLm"
"Факторы стоимости чертежа и 3D-модели","CAD Drawing and 3D Model Pricing Factors","CAD-034","historical_price","Чертеж детали Гильза","Историческая рекомендованная цена","от 50 USD","2020","https://dzen.ru/a/XmDqUh3RL15c7fLm"
"Факторы стоимости чертежа и 3D-модели","CAD Drawing and 3D Model Pricing Factors","CAD-035","historical_price","Чертеж детали Кожух выключателя","Историческая рекомендованная цена","от 35 USD","2020","https://dzen.ru/a/XmDqUh3RL15c7fLm"
"Факторы стоимости чертежа и 3D-модели","CAD Drawing and 3D Model Pricing Factors","CAD-036","historical_price","Чертеж детали Патрубок","Историческая рекомендованная цена","от 80 USD","2020","https://dzen.ru/a/XmDqUh3RL15c7fLm"
"Факторы стоимости чертежа и 3D-модели","CAD Drawing and 3D Model Pricing Factors","CAD-037","historical_price","Чертеж Корпус","Историческая рекомендованная цена","от 350 USD","2020","https://dzen.ru/a/XmDqUh3RL15c7fLm"
"Факторы стоимости чертежа и 3D-модели","CAD Drawing and 3D Model Pricing Factors","CAD-038","historical_price","Примеры A4 разной плотности","Исторические рекомендованные цены для примеров разной сложности","от 10 / 17 / 25 USD","2020","https://dzen.ru/a/XmDqUh3RL15c7fLm"